{
  "feature_importance": {
    "YSZ Thickness (mm)": 0.1640855921557981,
    "YSZ Density": 0.0007600214331916974,
    "YSZ k_avg": 0.834102559583812,
    "YSZ Cp_avg": 0.0010518268271983164
  },
  "top_2_features": [
    "YSZ k_avg",
    "YSZ Thickness (mm)"
  ],
  "training_size": 412,
  "test_size": 100,
  "training_metrics": {
    "r2": 0.9991278316770642,
    "mae": 7.568928656181055e-05,
    "rmse": 0.00012507697981789734
  },
  "test_metrics": {
    "r2": 0.9956684225008491,
    "mae": 0.0001761545805647408,
    "rmse": 0.00027592136488083945
  }
}