{
  "feature_importance": {
    "YSZ Thickness (mm)": 0.15621869758357956,
    "YSZ Density": 0.0008789012798197858,
    "YSZ k_avg": 0.8419179376859387,
    "YSZ Cp_avg": 0.0009844634506620115
  },
  "top_2_features": [
    "YSZ k_avg",
    "YSZ Thickness (mm)"
  ],
  "training_size": 412,
  "test_size": 100,
  "training_metrics": {
    "r2": 0.9994080093465327,
    "mae": 6.504975655591956e-05,
    "rmse": 0.00010536875638070661
  },
  "test_metrics": {
    "r2": 0.9937791835641874,
    "mae": 0.00020580614171346865,
    "rmse": 0.00030851494082682483
  }
}